{
    "control": {
        "precision": 0.7706422018348624,
        "recall": 0.84,
        "f1-score": 0.8038277511961722,
        "support": 100.0
    },
    "dysarthric": {
        "precision": 0.8241758241758241,
        "recall": 0.75,
        "f1-score": 0.7853403141361257,
        "support": 100.0
    },
    "accuracy": 0.795,
    "macro avg": {
        "precision": 0.7974090130053433,
        "recall": 0.7949999999999999,
        "f1-score": 0.794584032666149,
        "support": 200.0
    },
    "weighted avg": {
        "precision": 0.7974090130053432,
        "recall": 0.795,
        "f1-score": 0.794584032666149,
        "support": 200.0
    }
}