{
    "control": {
        "precision": 1.0,
        "recall": 0.6898395721925134,
        "f1-score": 0.8164556962025317,
        "support": 561.0
    },
    "dysarthric": {
        "precision": 0.7629427792915532,
        "recall": 1.0,
        "f1-score": 0.865533230293663,
        "support": 560.0
    },
    "accuracy": 0.8447814451382694,
    "macro avg": {
        "precision": 0.8814713896457766,
        "recall": 0.8449197860962567,
        "f1-score": 0.8409944632480973,
        "support": 1121.0
    },
    "weighted avg": {
        "precision": 0.8815771243561729,
        "recall": 0.8447814451382694,
        "f1-score": 0.840972573179368,
        "support": 1121.0
    }
}