{
    "control": {
        "precision": 1.0,
        "recall": 0.6488413547237076,
        "f1-score": 0.787027027027027,
        "support": 561.0
    },
    "dysarthric": {
        "precision": 0.7397622192866579,
        "recall": 1.0,
        "f1-score": 0.85041761579347,
        "support": 560.0
    },
    "accuracy": 0.8242640499553969,
    "macro avg": {
        "precision": 0.869881109643329,
        "recall": 0.8244206773618539,
        "f1-score": 0.8187223214102485,
        "support": 1121.0
    },
    "weighted avg": {
        "precision": 0.8699971835865552,
        "recall": 0.8242640499553969,
        "f1-score": 0.8186940472850182,
        "support": 1121.0
    }
}