{
    "control": {
        "precision": 0.6666666666666666,
        "recall": 0.78,
        "f1-score": 0.7188940092165899,
        "support": 100.0
    },
    "dysarthric": {
        "precision": 0.7349397590361446,
        "recall": 0.61,
        "f1-score": 0.6666666666666666,
        "support": 100.0
    },
    "accuracy": 0.695,
    "macro avg": {
        "precision": 0.7008032128514057,
        "recall": 0.6950000000000001,
        "f1-score": 0.6927803379416282,
        "support": 200.0
    },
    "weighted avg": {
        "precision": 0.7008032128514056,
        "recall": 0.695,
        "f1-score": 0.6927803379416282,
        "support": 200.0
    }
}