{
    "model_name": "efficientnetb0_TORGO",
    "dataset": "Combined_UASpeech_TORGO",
    "accuracy": 0.79,
    "flops": 148230643,
    "params": 4213797,
    "inference_time_ms": 272.7030396461487,
    "classification_report": {
        "control": {
            "precision": 0.7543859649122807,
            "recall": 0.86,
            "f1-score": 0.8037383177570093,
            "support": 100.0
        },
        "dysarthric": {
            "precision": 0.8372093023255814,
            "recall": 0.72,
            "f1-score": 0.7741935483870968,
            "support": 100.0
        },
        "accuracy": 0.79,
        "macro avg": {
            "precision": 0.7957976336189311,
            "recall": 0.79,
            "f1-score": 0.7889659330720531,
            "support": 200.0
        },
        "weighted avg": {
            "precision": 0.795797633618931,
            "recall": 0.79,
            "f1-score": 0.7889659330720531,
            "support": 200.0
        }
    },
    "confusion_matrix": [
        [
            86,
            14
        ],
        [
            28,
            72
        ]
    ]
}