{
    "control": {
        "precision": 0.6795994993742178,
        "recall": 0.9679144385026738,
        "f1-score": 0.7985294117647059,
        "support": 561.0
    },
    "dysarthric": {
        "precision": 0.9440993788819876,
        "recall": 0.5428571428571428,
        "f1-score": 0.6893424036281179,
        "support": 560.0
    },
    "accuracy": 0.7555753791257805,
    "macro avg": {
        "precision": 0.8118494391281027,
        "recall": 0.7553857906799083,
        "f1-score": 0.7439359076964119,
        "support": 1121.0
    },
    "weighted avg": {
        "precision": 0.8117314641595443,
        "recall": 0.7555753791257805,
        "f1-score": 0.7439846084136896,
        "support": 1121.0
    }
}