{
    "control": {
        "precision": 0.9072847682119205,
        "recall": 0.732620320855615,
        "f1-score": 0.8106508875739645,
        "support": 561.0
    },
    "dysarthric": {
        "precision": 0.7754491017964071,
        "recall": 0.925,
        "f1-score": 0.8436482084690554,
        "support": 560.0
    },
    "accuracy": 0.8287243532560215,
    "macro avg": {
        "precision": 0.8413669350041638,
        "recall": 0.8288101604278075,
        "f1-score": 0.82714954802151,
        "support": 1121.0
    },
    "weighted avg": {
        "precision": 0.8414257377099691,
        "recall": 0.8287243532560215,
        "f1-score": 0.82713483021558,
        "support": 1121.0
    }
}