{
    "model_name": "efficientnetb0_UASpeech",
    "dataset": "Combined_UASpeech_TORGO",
    "accuracy": 0.8296164139161463,
    "flops": 148230643,
    "params": 4213797,
    "inference_time_ms": 272.8467607498169,
    "classification_report": {
        "control": {
            "precision": 0.8744939271255061,
            "recall": 0.7700534759358288,
            "f1-score": 0.818957345971564,
            "support": 561.0
        },
        "dysarthric": {
            "precision": 0.7942583732057417,
            "recall": 0.8892857142857142,
            "f1-score": 0.8390901432181971,
            "support": 560.0
        },
        "accuracy": 0.8296164139161463,
        "macro avg": {
            "precision": 0.8343761501656239,
            "recall": 0.8296695951107715,
            "f1-score": 0.8290237445948805,
            "support": 1121.0
        },
        "weighted avg": {
            "precision": 0.8344119376562215,
            "recall": 0.8296164139161463,
            "f1-score": 0.8290147647566796,
            "support": 1121.0
        }
    },
    "confusion_matrix": [
        [
            432,
            129
        ],
        [
            62,
            498
        ]
    ]
}