{
    "control": {
        "precision": 0.8131868131868132,
        "recall": 0.74,
        "f1-score": 0.774869109947644,
        "support": 100.0
    },
    "dysarthric": {
        "precision": 0.7614678899082569,
        "recall": 0.83,
        "f1-score": 0.7942583732057417,
        "support": 100.0
    },
    "accuracy": 0.785,
    "macro avg": {
        "precision": 0.787327351547535,
        "recall": 0.7849999999999999,
        "f1-score": 0.7845637415766928,
        "support": 200.0
    },
    "weighted avg": {
        "precision": 0.787327351547535,
        "recall": 0.785,
        "f1-score": 0.7845637415766927,
        "support": 200.0
    }
}