{
    "control": {
        "precision": 0.9629629629629629,
        "recall": 0.8805704099821747,
        "f1-score": 0.9199255121042831,
        "support": 561.0
    },
    "dysarthric": {
        "precision": 0.8898026315789473,
        "recall": 0.9660714285714286,
        "f1-score": 0.9263698630136986,
        "support": 560.0
    },
    "accuracy": 0.9232827832292596,
    "macro avg": {
        "precision": 0.9263827972709551,
        "recall": 0.9233209192768017,
        "f1-score": 0.9231476875589908,
        "support": 1121.0
    },
    "weighted avg": {
        "precision": 0.9264154289977097,
        "recall": 0.9232827832292596,
        "f1-score": 0.9231448131830277,
        "support": 1121.0
    }
}