{
    "control": {
        "precision": 0.8833865814696485,
        "recall": 0.9857397504456328,
        "f1-score": 0.9317607413647851,
        "support": 561.0
    },
    "dysarthric": {
        "precision": 0.9838383838383838,
        "recall": 0.8696428571428572,
        "f1-score": 0.9232227488151659,
        "support": 560.0
    },
    "accuracy": 0.927743086529884,
    "macro avg": {
        "precision": 0.9336124826540162,
        "recall": 0.9276913037942449,
        "f1-score": 0.9274917450899756,
        "support": 1121.0
    },
    "weighted avg": {
        "precision": 0.9335676781034503,
        "recall": 0.927743086529884,
        "f1-score": 0.9274955532936106,
        "support": 1121.0
    }
}