{
    "control": {
        "precision": 0.7959183673469388,
        "recall": 0.78,
        "f1-score": 0.7878787878787878,
        "support": 100.0
    },
    "dysarthric": {
        "precision": 0.7843137254901961,
        "recall": 0.8,
        "f1-score": 0.7920792079207921,
        "support": 100.0
    },
    "accuracy": 0.79,
    "macro avg": {
        "precision": 0.7901160464185675,
        "recall": 0.79,
        "f1-score": 0.78997899789979,
        "support": 200.0
    },
    "weighted avg": {
        "precision": 0.7901160464185674,
        "recall": 0.79,
        "f1-score": 0.7899789978997899,
        "support": 200.0
    }
}