{
    "control": {
        "precision": 0.9604743083003953,
        "recall": 0.8663101604278075,
        "f1-score": 0.9109653233364574,
        "support": 561.0
    },
    "dysarthric": {
        "precision": 0.8780487804878049,
        "recall": 0.9642857142857143,
        "f1-score": 0.9191489361702128,
        "support": 560.0
    },
    "accuracy": 0.9152542372881356,
    "macro avg": {
        "precision": 0.9192615443941001,
        "recall": 0.9152979373567609,
        "f1-score": 0.9150571297533351,
        "support": 1121.0
    },
    "weighted avg": {
        "precision": 0.9192983086794759,
        "recall": 0.9152542372881356,
        "f1-score": 0.9150534796138018,
        "support": 1121.0
    }
}