{
    "control": {
        "precision": 0.92,
        "recall": 0.9429590017825312,
        "f1-score": 0.9313380281690141,
        "support": 561.0
    },
    "dysarthric": {
        "precision": 0.9413919413919414,
        "recall": 0.9178571428571428,
        "f1-score": 0.9294755877034359,
        "support": 560.0
    },
    "accuracy": 0.9304192685102587,
    "macro avg": {
        "precision": 0.9306959706959708,
        "recall": 0.930408072319837,
        "f1-score": 0.930406807936225,
        "support": 1121.0
    },
    "weighted avg": {
        "precision": 0.930686429241291,
        "recall": 0.9304192685102587,
        "f1-score": 0.9304076386411606,
        "support": 1121.0
    }
}