{
    "control": {
        "precision": 0.8455538221528861,
        "recall": 0.966131907308378,
        "f1-score": 0.9018302828618968,
        "support": 561.0
    },
    "dysarthric": {
        "precision": 0.9604166666666667,
        "recall": 0.8232142857142857,
        "f1-score": 0.8865384615384615,
        "support": 560.0
    },
    "accuracy": 0.8947368421052632,
    "macro avg": {
        "precision": 0.9029852444097763,
        "recall": 0.8946730965113319,
        "f1-score": 0.8941843722001792,
        "support": 1121.0
    },
    "weighted avg": {
        "precision": 0.9029340120973259,
        "recall": 0.8947368421052632,
        "f1-score": 0.8941911928162913,
        "support": 1121.0
    }
}