{
    "model_name": "nasnetmobile_TORGO",
    "dataset": "Combined_UASpeech_TORGO",
    "accuracy": 0.72,
    "flops": 202363388,
    "params": 4405270,
    "inference_time_ms": 633.3968806266785,
    "classification_report": {
        "control": {
            "precision": 0.6833333333333333,
            "recall": 0.82,
            "f1-score": 0.7454545454545455,
            "support": 100.0
        },
        "dysarthric": {
            "precision": 0.775,
            "recall": 0.62,
            "f1-score": 0.6888888888888889,
            "support": 100.0
        },
        "accuracy": 0.72,
        "macro avg": {
            "precision": 0.7291666666666667,
            "recall": 0.72,
            "f1-score": 0.7171717171717171,
            "support": 200.0
        },
        "weighted avg": {
            "precision": 0.7291666666666665,
            "recall": 0.72,
            "f1-score": 0.7171717171717171,
            "support": 200.0
        }
    },
    "confusion_matrix": [
        [
            82,
            18
        ],
        [
            38,
            62
        ]
    ]
}