{
    "control": {
        "precision": 0.7741935483870968,
        "recall": 0.72,
        "f1-score": 0.7461139896373057,
        "support": 100.0
    },
    "dysarthric": {
        "precision": 0.7383177570093458,
        "recall": 0.79,
        "f1-score": 0.7632850241545893,
        "support": 100.0
    },
    "accuracy": 0.755,
    "macro avg": {
        "precision": 0.7562556526982213,
        "recall": 0.755,
        "f1-score": 0.7546995068959474,
        "support": 200.0
    },
    "weighted avg": {
        "precision": 0.7562556526982211,
        "recall": 0.755,
        "f1-score": 0.7546995068959476,
        "support": 200.0
    }
}